{
  "article": [],
  "blog": [],
  "collection": [
    {
      "key": "collection_list_picker",
      "namespace": "custom",
      "name": "Collection List Picker",
      "description": "",
      "type": {
        "name": "list.collection_reference",
        "category": "REFERENCE"
      }
    },
    {
      "key": "is_only_cloth_images_present_",
      "namespace": "custom",
      "name": "is only cloth images present?",
      "description": "",
      "type": {
        "name": "boolean",
        "category": "TRUE_FALSE"
      }
    }
  ],
  "company": [],
  "company_location": [],
  "location": [],
  "market": [],
  "order": [],
  "page": [],
  "product": [
    {
      "key": "product_subtitle",
      "namespace": "custom",
      "name": "Product Subtitle",
      "description": "",
      "type": {
        "name": "single_line_text_field",
        "category": "TEXT"
      }
    },
    {
      "key": "label",
      "namespace": "theme",
      "name": "Custom Collection Label",
      "description": "",
      "type": {
        "name": "single_line_text_field",
        "category": "TEXT"
      }
    },
    {
      "key": "size_runs_small",
      "namespace": "custom",
      "name": "Size runs small",
      "description": "",
      "type": {
        "name": "boolean",
        "category": "TRUE_FALSE"
      }
    },
    {
      "key": "size_true_to_size",
      "namespace": "custom",
      "name": "Size true to size",
      "description": "",
      "type": {
        "name": "boolean",
        "category": "TRUE_FALSE"
      }
    },
    {
      "key": "product_details",
      "namespace": "custom",
      "name": "Product Details",
      "description": "",
      "type": {
        "name": "multi_line_text_field",
        "category": "TEXT"
      }
    },
    {
      "key": "fabric_fit",
      "namespace": "custom",
      "name": "Fabric & Fit",
      "description": "",
      "type": {
        "name": "multi_line_text_field",
        "category": "TEXT"
      }
    },
    {
      "key": "how_to_wear",
      "namespace": "custom",
      "name": "How to wear",
      "description": "",
      "type": {
        "name": "multi_line_text_field",
        "category": "TEXT"
      }
    },
    {
      "key": "care_guide",
      "namespace": "descriptors",
      "name": "Care guide",
      "description": "Instructions for taking care of a product or apparel",
      "type": {
        "name": "multi_line_text_field",
        "category": "TEXT"
      }
    },
    {
      "key": "product_rating_",
      "namespace": "custom",
      "name": "Product Rating ",
      "description": "",
      "type": {
        "name": "single_line_text_field",
        "category": "TEXT"
      }
    },
    {
      "key": "designer_s_note",
      "namespace": "custom",
      "name": "designer's note",
      "description": "",
      "type": {
        "name": "multi_line_text_field",
        "category": "TEXT"
      }
    },
    {
      "key": "text_on_first_product_image",
      "namespace": "custom",
      "name": "Model size and fit info",
      "description": "",
      "type": {
        "name": "rich_text_field",
        "category": "TEXT"
      }
    },
    {
      "key": "deliver_in",
      "namespace": "custom",
      "name": "Deliver in",
      "description": "",
      "type": {
        "name": "single_line_text_field",
        "category": "TEXT"
      }
    },
    {
      "key": "stock_status_productmf",
      "namespace": "custom",
      "name": "stock_status_productMF",
      "description": "",
      "type": {
        "name": "multi_line_text_field",
        "category": "TEXT"
      }
    },
    {
      "key": "shipping_text",
      "namespace": "custom",
      "name": "Shipping Text",
      "description": "",
      "type": {
        "name": "rich_text_field",
        "category": "TEXT"
      }
    },
    {
      "key": "shortdescription",
      "namespace": "custom",
      "name": "Short Description",
      "description": "",
      "type": {
        "name": "multi_line_text_field",
        "category": "TEXT"
      }
    },
    {
      "key": "color-pattern",
      "namespace": "shopify",
      "name": "Color",
      "description": "Defines the primary color or pattern, such as blue or striped",
      "type": {
        "name": "list.metaobject_reference",
        "category": "REFERENCE"
      }
    },
    {
      "key": "size",
      "namespace": "shopify",
      "name": "Size",
      "description": "Used to specify the size of a product, such as 0-3 months or Extra large (XL)",
      "type": {
        "name": "list.metaobject_reference",
        "category": "REFERENCE"
      }
    },
    {
      "key": "fabric",
      "namespace": "shopify",
      "name": "Fabric",
      "description": "Identifies the type of fabric used in a product, for example, cotton or denim",
      "type": {
        "name": "list.metaobject_reference",
        "category": "REFERENCE"
      }
    },
    {
      "key": "age-group",
      "namespace": "shopify",
      "name": "Age group",
      "description": "Defines the target age range for a product, such as adults or kids",
      "type": {
        "name": "list.metaobject_reference",
        "category": "REFERENCE"
      }
    },
    {
      "key": "dress-occasion",
      "namespace": "shopify",
      "name": "Dress occasion",
      "description": "Specifies the intended occasion for a dress, e.g. holiday, everyday",
      "type": {
        "name": "list.metaobject_reference",
        "category": "REFERENCE"
      }
    },
    {
      "key": "dress-style",
      "namespace": "shopify",
      "name": "Dress style",
      "description": "Identifies the design of a dress, such as wrap or empire waist",
      "type": {
        "name": "list.metaobject_reference",
        "category": "REFERENCE"
      }
    },
    {
      "key": "skirt-dress-length-type",
      "namespace": "shopify",
      "name": "Skirt/Dress length type",
      "description": "Defines the length of skirts or dresses, such as mini or maxi",
      "type": {
        "name": "list.metaobject_reference",
        "category": "REFERENCE"
      }
    },
    {
      "key": "sleeve-length-type",
      "namespace": "shopify",
      "name": "Sleeve length type",
      "description": "Specifies the style of sleeves on clothing items, such as short or sleeveless",
      "type": {
        "name": "list.metaobject_reference",
        "category": "REFERENCE"
      }
    },
    {
      "key": "compostion_care",
      "namespace": "custom",
      "name": "compostion&care",
      "description": "",
      "type": {
        "name": "rich_text_field",
        "category": "TEXT"
      }
    },
    {
      "key": "productpagebadgebyap",
      "namespace": "custom",
      "name": "ProductPageBadgebyAP",
      "description": "",
      "type": {
        "name": "single_line_text_field",
        "category": "TEXT"
      }
    },
    {
      "key": "collection_product_video",
      "namespace": "custom",
      "name": "Collection Product Video",
      "description": "",
      "type": {
        "name": "file_reference",
        "category": "REFERENCE"
      }
    },
    {
      "key": "low_stock_widget",
      "namespace": "custom",
      "name": "Low Stock Widget",
      "description": "",
      "type": {
        "name": "single_line_text_field",
        "category": "TEXT"
      }
    },
    {
      "key": "target-gender",
      "namespace": "shopify",
      "name": "Target gender",
      "description": "Identifies the intended gender for a product, such as female, male or unisex",
      "type": {
        "name": "list.metaobject_reference",
        "category": "REFERENCE"
      }
    },
    {
      "key": "in_the_set",
      "namespace": "custom",
      "name": "In the Set",
      "description": "",
      "type": {
        "name": "list.product_reference",
        "category": "REFERENCE"
      }
    },
    {
      "key": "key_features",
      "namespace": "custom",
      "name": "key features",
      "description": "use double underscore (__) to separate key and value",
      "type": {
        "name": "list.single_line_text_field",
        "category": "TEXT"
      }
    },
    {
      "key": "grid_ghost_image",
      "namespace": "custom",
      "name": "Grid Ghost Image",
      "description": "",
      "type": {
        "name": "file_reference",
        "category": "REFERENCE"
      }
    },
    {
      "key": "custom_label_0",
      "namespace": "custom",
      "name": "Custom Label 0",
      "description": "",
      "type": {
        "name": "single_line_text_field",
        "category": "TEXT"
      }
    },
    {
      "key": "xo_gallery",
      "namespace": "custom",
      "name": "XO Gallery",
      "description": "",
      "type": {
        "name": "number_integer",
        "category": "NUMBER"
      }
    },
    {
      "key": "videos_for_video_carousal",
      "namespace": "custom",
      "name": "videos for video carousal",
      "description": "",
      "type": {
        "name": "list.file_reference",
        "category": "REFERENCE"
      }
    },
    {
      "key": "ss_product_videos",
      "namespace": "custom",
      "name": "SS Product Videos",
      "description": "",
      "type": {
        "name": "list.file_reference",
        "category": "REFERENCE"
      }
    },
    {
      "key": "pre_order_quantity_info",
      "namespace": "custom",
      "name": "pre order quantity info",
      "description": "",
      "type": {
        "name": "single_line_text_field",
        "category": "TEXT"
      }
    },
    {
      "key": "clothing-features",
      "namespace": "shopify",
      "name": "Clothing features",
      "description": "Describes unique properties of apparel, such as water resistant or wrinkle resistant",
      "type": {
        "name": "list.metaobject_reference",
        "category": "REFERENCE"
      }
    },
    {
      "key": "dress_length",
      "namespace": "custom",
      "name": "Dress Length",
      "description": "",
      "type": {
        "name": "single_line_text_field",
        "category": "TEXT"
      }
    },
    {
      "key": "co_ords_style",
      "namespace": "custom",
      "name": "Co-Ords Style",
      "description": "",
      "type": {
        "name": "single_line_text_field",
        "category": "TEXT"
      }
    }
  ],
  "variant": [
    {
      "key": "custom_images_product_page",
      "namespace": "custom",
      "name": "Custom Images Product Page",
      "description": "",
      "type": {
        "name": "list.file_reference",
        "category": "REFERENCE"
      }
    },
    {
      "key": "custom_label_4",
      "namespace": "mm-google-shopping",
      "name": "Google: Custom Label 4",
      "description": "Label that you assign to a product to help organize bidding and reporting in Shopping campaigns",
      "type": {
        "name": "single_line_text_field",
        "category": "TEXT"
      }
    },
    {
      "key": "custom_label_3",
      "namespace": "mm-google-shopping",
      "name": "Google: Custom Label 3",
      "description": "Label that you assign to a product to help organize bidding and reporting in Shopping campaigns",
      "type": {
        "name": "single_line_text_field",
        "category": "TEXT"
      }
    },
    {
      "key": "custom_label_2",
      "namespace": "mm-google-shopping",
      "name": "Google: Custom Label 2",
      "description": "Label that you assign to a product to help organize bidding and reporting in Shopping campaigns",
      "type": {
        "name": "single_line_text_field",
        "category": "TEXT"
      }
    },
    {
      "key": "custom_label_1",
      "namespace": "mm-google-shopping",
      "name": "Google: Custom Label 1",
      "description": "Label that you assign to a product to help organize bidding and reporting in Shopping campaigns",
      "type": {
        "name": "single_line_text_field",
        "category": "TEXT"
      }
    },
    {
      "key": "custom_label_0",
      "namespace": "mm-google-shopping",
      "name": "Google: Custom Label 0",
      "description": "Label that you assign to a product to help organize bidding and reporting in Shopping campaigns",
      "type": {
        "name": "single_line_text_field",
        "category": "TEXT"
      }
    },
    {
      "key": "size_system",
      "namespace": "mm-google-shopping",
      "name": "Google: Size System",
      "description": "The country of the size system used by your product.",
      "type": {
        "name": "single_line_text_field",
        "category": "TEXT"
      }
    },
    {
      "key": "size_type",
      "namespace": "mm-google-shopping",
      "name": "Google: Size Type",
      "description": "Your apparel product’s cut.",
      "type": {
        "name": "single_line_text_field",
        "category": "TEXT"
      }
    },
    {
      "key": "mpn",
      "namespace": "mm-google-shopping",
      "name": "Google: MPN",
      "description": "Your product’s Manufacturer Part Number (MPN).",
      "type": {
        "name": "single_line_text_field",
        "category": "TEXT"
      }
    },
    {
      "key": "gender",
      "namespace": "mm-google-shopping",
      "name": "Google: Gender",
      "description": "The gender for which your product is intended.",
      "type": {
        "name": "single_line_text_field",
        "category": "TEXT"
      }
    },
    {
      "key": "condition",
      "namespace": "mm-google-shopping",
      "name": "Google: Condition",
      "description": "The condition of your product at time of sale.",
      "type": {
        "name": "single_line_text_field",
        "category": "TEXT"
      }
    },
    {
      "key": "age_group",
      "namespace": "mm-google-shopping",
      "name": "Google: Age Group",
      "description": "The demographic for which your product is intended.",
      "type": {
        "name": "single_line_text_field",
        "category": "TEXT"
      }
    },
    {
      "key": "stock_status",
      "namespace": "custom",
      "name": "Stock Status",
      "description": "",
      "type": {
        "name": "multi_line_text_field",
        "category": "TEXT"
      }
    }
  ],
  "shop": []
}